ID,Rank,UTC,ItemNo,GroupingFactor,Grouped,ACC,RT_1,ChoiceLoc,ChoiceSym,RT_2
1,9,1415655199571,0,None,yes,TRUE,2029,right,C,1741
1,10,1415655206209,22,Stage Partition,no,TRUE,1739,left,A,3494
1,11,1415655216282,7,Distance,no,TRUE,2235,left,A,6431
1,12,1415655220650,0,None,yes,TRUE,1642,left,C,1318
1,13,1415655224482,0,None,yes,TRUE,1123,top,C,1303
1,14,1415655231267,10,Background,no,TRUE,1929,right,A,3440
1,15,1415655236890,1,None,no,TRUE,2515,right,A,1702
1,16,1415655240473,0,None,yes,TRUE,1412,right,C,765
1,17,1415655243665,0,None,yes,TRUE,1021,left,C,765
1,18,1415655248611,19,Stage Partition,no,TRUE,1764,right,A,1774
1,19,1415655252835,0,None,yes,TRUE,1403,top,C,1414
1,20,1415655256890,13,Background,no,TRUE,1448,left,A,1198
1,21,1415655261370,4,Distance,yes,TRUE,1612,left,A,1462
1,22,1415655265875,0,None,yes,TRUE,1380,right,C,1719
2,9,1415372628439,0,None,yes,TRUE,5523,right,C,3809
2,10,1415372642983,4,Distance,no,TRUE,4555,right,A,8545
2,11,1415372651180,7,Distance,yes,TRUE,2174,right,A,4587
2,12,1415372660478,0,None,yes,TRUE,4134,top,C,3711
2,13,1415372670186,22,Stage Partition,no,TRUE,3601,left,A,4639
2,14,1415372680515,10,Background,no,TRUE,4022,right,A,4765
2,15,1415372689618,19,Stage Partition,no,TRUE,3986,right,A,3670
2,16,1415372701449,1,None,no,TRUE,4426,right,A,5939
2,17,1415372711053,0,None,yes,TRUE,4193,left,C,3963
2,18,1415372719694,0,None,yes,TRUE,3549,left,C,3614
2,19,1415372728434,0,None,yes,TRUE,3558,top,C,3734
2,20,1415372737167,0,None,yes,TRUE,3646,right,C,3636
2,21,1415372745946,0,None,yes,TRUE,3422,right,C,3870
2,22,1415372755071,13,Background,no,TRUE,3975,left,A,3685
3,9,1415653825614,0,None,yes,TRUE,2146,right,C,1940
3,10,1415653833871,19,Stage Partition,yes,TRUE,2602,left,A,4246
3,11,1415653840254,10,Background,no,TRUE,2384,right,A,2574
3,12,1415653845751,7,Distance,no,TRUE,2583,left,A,1506
3,13,1415653850919,0,None,yes,TRUE,1792,top,C,1966
3,14,1415653855265,0,None,yes,TRUE,1570,left,C,1366
3,15,1415653859457,0,None,yes,TRUE,1506,right,C,1278
3,16,1415653863506,0,None,yes,TRUE,1283,top,C,1358
3,17,1415653867354,0,None,yes,TRUE,1194,right,C,1246
3,18,1415653872353,22,Stage Partition,yes,TRUE,2208,right,A,1382
3,19,1415653876305,4,Distance,no,TRUE,1642,right,A,902
3,20,1415653880539,13,Background,yes,TRUE,1646,right,A,1175
3,21,1415653884818,0,None,yes,TRUE,1601,left,C,1269
3,22,1415653888930,1,None,no,TRUE,1737,right,A,965
4,9,1415628322694,0,None,yes,TRUE,3236,right,C,2152
4,10,1415628331410,10,Background,yes,TRUE,2876,left,A,4401
4,11,1415628337190,0,None,yes,TRUE,2087,left,C,2273
4,12,1415628343039,4,Distance,no,TRUE,2393,right,A,2048
4,13,1415628348215,1,None,no,TRUE,2008,left,A,1755
4,14,1415628354282,0,None,yes,TRUE,2060,right,C,2593
4,15,1415628359619,13,Background,no,TRUE,1947,left,A,1980
4,16,1415628365482,0,None,yes,TRUE,2274,top,C,2176
4,17,1415628370499,19,Stage Partition,no,TRUE,2095,right,A,1493
4,18,1415628375395,22,Stage Partition,yes,TRUE,1720,right,A,1763
4,19,1415628380968,0,None,yes,TRUE,2077,right,C,2086
4,20,1415628386419,0,None,yes,TRUE,2155,top,C,1879
4,21,1415628391915,0,None,yes,TRUE,2493,left,C,1591
4,22,1415628396768,7,Distance,no,TRUE,1807,left,A,1627
5,12,1415368729688,0,None,yes,TRUE,2914,right,C,2019
5,13,1415368735003,4,Distance,yes,TRUE,2007,left,A,1884
5,14,1415368740166,0,None,yes,TRUE,1886,left,C,1847
5,15,1415368746729,19,Stage Partition,yes,TRUE,2025,left,A,3120
5,16,1415368751605,13,Background,no,TRUE,2191,left,A,1228
5,17,1415368756119,0,None,yes,TRUE,1697,right,C,1380
5,18,1415368763302,22,Stage Partition,yes,TRUE,2080,right,A,3674
5,19,1415368767919,0,None,yes,TRUE,1787,top,C,1392
5,20,1415368772909,0,None,yes,TRUE,2067,left,C,1500
5,21,1415368777382,0,None,yes,TRUE,1529,top,C,1513
5,22,1415368781176,0,None,yes,TRUE,1007,right,C,1357
5,23,1415368786462,7,Distance,yes,TRUE,1827,right,A,2017
5,24,1415368791595,10,Background,no,TRUE,2364,right,A,1336
5,25,1415368795993,1,None,no,TRUE,1527,right,A,1451
6,9,1415758579351,0,None,yes,TRUE,2656,right,C,2679
6,10,1415758588945,22,Stage Partition,yes,TRUE,3265,right,A,4918
6,11,1415758597011,7,Distance,yes,TRUE,2348,right,A,4308
6,12,1415758603338,0,None,yes,TRUE,2433,right,C,2476
6,13,1415758610754,13,Background,no,TRUE,3402,left,A,2567
6,14,1415758616375,4,Distance,no,TRUE,1995,right,A,2195
6,15,1415758622940,0,None,yes,TRUE,2202,right,C,2927
6,16,1415758628868,10,Background,no,TRUE,2368,right,A,2095
6,17,1415758635044,0,None,yes,TRUE,1974,left,C,2753
6,18,1415758640710,19,Stage Partition,no,TRUE,1987,right,A,2250
6,19,1415758645706,0,None,yes,TRUE,1979,left,C,1596
6,20,1415758651275,1,None,no,TRUE,2172,right,A,1985
6,21,1415758658086,0,None,yes,TRUE,1904,top,C,3478
6,22,1415758663132,0,None,yes,TRUE,1834,top,C,1785
7,9,1415370900929,0,None,yes,TRUE,3610,right,C,1745
7,10,1415370906442,4,Distance,no,TRUE,1830,right,A,2132
7,11,1415370912176,22,Stage Partition,yes,TRUE,1947,right,A,2354
7,12,1415370917655,0,None,yes,TRUE,1790,top,C,2266
7,13,1415370922652,19,Stage Partition,yes,TRUE,1758,left,A,1814
7,14,1415370927620,0,None,yes,TRUE,1836,left,C,1692
7,15,1415370931722,0,None,yes,TRUE,1255,top,C,1424
7,16,1415370936257,10,Background,no,TRUE,1714,right,A,1375
7,17,1415370940798,1,None,no,TRUE,1585,right,A,1527
7,18,1415370945891,0,None,yes,TRUE,1862,right,C,1803
7,19,1415370950662,0,None,yes,TRUE,1041,left,C,2298
7,20,1415370955391,0,None,yes,TRUE,1872,right,C,1446
7,21,1415370960047,13,Background,no,TRUE,1868,left,A,1358
7,22,1415370963976,7,Distance,no,TRUE,1326,left,A,1172
8,9,1415640078689,0,None,yes,TRUE,2343,right,C,1980
8,10,1415640087416,13,Background,no,TRUE,2610,left,A,4677
8,11,1415640092720,4,Distance,yes,TRUE,2054,left,A,1837
8,12,1415640098017,0,None,yes,TRUE,1813,top,C,2070
8,13,1415640105522,10,Background,yes,TRUE,3011,left,A,3079
8,14,1415640109642,1,None,no,TRUE,1385,left,A,1326
8,15,1415640116874,19,Stage Partition,no,TRUE,2528,right,A,3294
8,16,1415640122010,0,None,yes,TRUE,1945,right,C,1782
8,17,1415640127578,0,None,yes,TRUE,2232,top,C,1925
8,18,1415640133043,22,Stage Partition,no,TRUE,2463,left,A,1591
8,19,1415640138307,0,None,yes,TRUE,1866,left,C,1989
8,20,1415640146099,7,Distance,yes,TRUE,2035,right,A,4350
8,21,1415640150555,0,None,yes,TRUE,1344,right,C,1701
8,22,1415640154876,0,None,yes,TRUE,1402,left,C,1510
9,9,1415373033822,0,None,yes,TRUE,1784,right,C,1551
9,10,1415373040782,4,Distance,yes,TRUE,1917,left,A,3615
9,11,1415373045717,0,None,yes,TRUE,1373,top,C,2160
9,12,1415373050322,0,None,yes,TRUE,1351,top,C,1852
9,13,1415373054979,0,None,yes,TRUE,1500,right,C,1750
9,14,1415373059882,1,None,no,TRUE,1878,right,A,1624
9,15,1415373065362,19,Stage Partition,no,TRUE,1678,right,A,2399
9,16,1415373070171,13,Background,no,TRUE,1645,left,A,1727
9,17,1415373074587,7,Distance,no,TRUE,1534,left,A,1479
9,18,1415373079114,22,Stage Partition,no,TRUE,1668,left,A,1456
9,19,1415373083186,0,None,yes,TRUE,1348,left,C,1319
9,20,1415373087211,0,None,yes,TRUE,1285,left,C,1334
9,21,1415373091715,0,None,yes,TRUE,1462,right,C,1639
9,22,1415373096786,10,Background,no,TRUE,1792,right,A,1872
10,14,1415640723605,0,None,yes,TRUE,2818,right,C,2182
10,15,1415640729960,13,Background,yes,TRUE,2052,right,A,2870
10,16,1415640735319,19,Stage Partition,no,TRUE,2132,right,A,1808
10,17,1415640739764,0,None,yes,TRUE,1752,left,C,1271
10,18,1415640744024,0,None,yes,TRUE,1548,left,C,1294
10,19,1415640748118,0,None,yes,TRUE,1401,right,C,1284
10,20,1415640751959,0,None,yes,TRUE,1281,top,C,1147
10,21,1415640756594,22,Stage Partition,yes,TRUE,1520,right,A,1702
10,22,1415640760864,1,None,no,TRUE,1402,right,A,1441
10,23,1415640765456,10,Background,no,TRUE,1621,right,A,1555
10,24,1415640769695,7,Distance,yes,TRUE,1428,right,A,1399
10,25,1415640773407,0,None,yes,TRUE,1191,right,C,1101
10,26,1415640776890,0,None,yes,TRUE,939,top,C,1130
10,27,1415640780884,4,Distance,no,TRUE,1372,right,A,1201
11,10,1415630912186,0,None,yes,TRUE,2503,right,C,2093
11,11,1415630920224,10,Background,yes,TRUE,2588,left,A,3931
11,12,1415630925353,0,None,yes,TRUE,1687,top,C,1993
11,13,1415630934657,1,None,no,TRUE,1868,left,A,6005
11,14,1415630939025,0,None,yes,TRUE,1637,top,C,1303
11,15,1415630944578,13,Background,no,TRUE,1773,left,A,2344
11,16,1415630950201,7,Distance,no,TRUE,2173,left,A,2035
11,17,1415630954689,0,None,yes,TRUE,1612,left,C,1453
11,18,1415630961338,19,Stage Partition,yes,TRUE,2675,left,A,2551
11,19,1415630965697,0,None,yes,TRUE,1683,right,C,1260
11,20,1415630970625,4,Distance,yes,TRUE,1715,left,A,1796
11,21,1415630974817,0,None,yes,TRUE,1574,right,C,1198
11,22,1415630978745,22,Stage Partition,no,TRUE,1369,left,A,1137
11,23,1415630983432,0,None,yes,TRUE,1870,left,C,1389
12,9,1415628896595,0,None,yes,TRUE,2010,right,C,1713
12,10,1415628902083,10,Background,no,TRUE,2226,right,A,1828
12,11,1415628907058,22,Stage Partition,no,TRUE,2026,left,A,1516
12,12,1415628911731,13,Background,no,TRUE,1762,left,A,1486
12,13,1415628916168,0,None,yes,TRUE,1568,right,C,1444
12,14,1415628921076,4,Distance,no,TRUE,1768,right,A,1710
12,15,1415628925989,1,None,no,TRUE,1620,right,A,1855
12,16,1415628930381,19,Stage Partition,no,TRUE,1455,right,A,1506
12,17,1415628934857,7,Distance,no,TRUE,1590,left,A,1449
12,18,1415628939085,0,None,yes,TRUE,1367,left,C,1430
12,19,1415628943164,0,None,yes,TRUE,1210,right,C,1446
12,20,1415628947241,0,None,yes,TRUE,1244,top,C,1401
12,21,1415628951030,0,None,yes,TRUE,1060,top,C,1305
12,22,1415628955108,0,None,yes,TRUE,1297,left,C,1350
13,9,1415658083690,0,None,yes,TRUE,3246,right,C,2400
13,10,1415658091705,22,Stage Partition,no,TRUE,2613,left,A,3997
13,11,1415658098168,0,None,yes,TRUE,2415,top,C,2462
13,12,1415658103918,19,Stage Partition,no,TRUE,2125,right,A,2185
13,13,1415658109839,4,Distance,no,TRUE,2344,right,A,2163
13,14,1415658115395,0,None,yes,TRUE,1982,left,C,2145
13,15,1415658123541,1,None,no,TRUE,2122,right,A,4611
13,16,1415658129156,0,None,yes,TRUE,1756,left,C,2271
13,17,1415658135337,13,Background,yes,TRUE,2368,right,A,2152
13,18,1415658140974,7,Distance,no,TRUE,2338,left,A,1872
13,19,1415658146974,10,Background,no,TRUE,2385,right,A,2195
13,20,1415658153970,0,None,yes,TRUE,2063,right,C,3467
13,21,1415658158905,0,None,yes,TRUE,1503,top,C,1998
13,22,1415658164353,0,None,yes,TRUE,1900,right,C,2130
14,9,1415374279470,0,None,yes,TRUE,2154,right,C,1508
14,10,1415374285862,4,Distance,no,TRUE,1864,right,A,3115
14,11,1415374291612,10,Background,no,TRUE,2378,right,A,1938
14,12,1415374296760,0,None,yes,TRUE,1990,top,C,1743
14,13,1415374301014,22,Stage Partition,no,TRUE,1312,left,A,1535
14,14,1415374305581,0,None,yes,TRUE,1690,right,C,1466
14,15,1415374310288,1,None,no,TRUE,1674,right,A,1625
14,16,1415374315744,0,None,yes,TRUE,1788,right,C,2258
14,17,1415374320050,13,Background,no,TRUE,1588,left,A,1299
14,18,1415374323851,19,Stage Partition,no,TRUE,1185,right,A,1205
14,19,1415374328309,0,None,yes,TRUE,1709,top,C,1340
14,20,1415374333090,0,None,yes,TRUE,1789,left,C,1580
14,21,1415374337553,7,Distance,yes,TRUE,1801,right,A,1252
14,22,1415374341598,0,None,yes,TRUE,1523,left,C,1111
15,9,1415658599144,0,None,yes,TRUE,3300,right,C,2155
15,10,1415658604876,22,Stage Partition,yes,TRUE,1773,right,A,2540
15,11,1415658610559,0,None,yes,TRUE,1549,right,C,2702
15,12,1415658614826,1,None,no,TRUE,1597,right,A,1263
15,13,1415658619675,10,Background,yes,TRUE,1855,left,A,1522
15,14,1415658624056,0,None,yes,TRUE,1880,top,C,1077
15,15,1415658628022,0,None,yes,TRUE,1310,left,C,1227
15,16,1415658632049,7,Distance,no,TRUE,1495,left,A,1104
15,17,1415658635335,4,Distance,yes,TRUE,1089,left,A,773
15,18,1415658638862,13,Background,yes,TRUE,1383,right,A,717
15,19,1415658642588,0,None,yes,TRUE,1276,right,C,1026
15,20,1415658646675,0,None,yes,TRUE,1370,left,C,1290
15,21,1415658650002,19,Stage Partition,yes,TRUE,1257,left,A,650
15,22,1415658653789,0,None,yes,TRUE,1445,top,C,930
16,9,1415387144239,0,None,yes,TRUE,2150,right,C,4325
16,10,1415387149486,7,Distance,yes,TRUE,1793,right,A,2047
16,11,1415387154801,22,Stage Partition,no,TRUE,2466,left,A,1443
16,12,1415387159840,0,None,yes,TRUE,1788,left,C,1844
16,13,1415387164839,13,Background,yes,TRUE,1981,right,A,1600
16,14,1415387168565,4,Distance,no,TRUE,1445,right,A,875
16,15,1415387173164,0,None,yes,TRUE,2053,left,C,1139
16,16,1415387177787,0,None,yes,TRUE,1853,top,C,1363
16,17,1415387181365,0,None,yes,TRUE,1061,right,C,1111
16,18,1415387185532,0,None,yes,TRUE,1146,top,C,1616
16,19,1415387189131,0,None,yes,TRUE,984,right,C,1207
16,20,1415387193609,10,Background,yes,TRUE,1897,left,A,1176
16,21,1415387197032,1,None,no,TRUE,1298,left,A,719
16,22,1415387200310,19,Stage Partition,yes,TRUE,1186,left,A,687
17,9,1415381928541,0,None,yes,TRUE,2469,right,C,2191
17,10,1415381934317,4,Distance,yes,TRUE,2113,left,A,2255
17,11,1415381939964,0,None,yes,TRUE,2281,left,C,1959
17,12,1415381945380,0,None,yes,TRUE,2812,left,C,1196
17,13,1415381951348,10,Background,no,TRUE,2855,right,A,1694
17,14,1415381956860,0,None,yes,TRUE,1963,top,C,2143
17,15,1415381961996,0,None,yes,TRUE,1725,top,C,2006
17,16,1415381966781,7,Distance,no,TRUE,2004,left,A,1376
17,17,1415381972116,22,Stage Partition,yes,TRUE,2469,right,A,1462
17,18,1415381976956,13,Background,yes,TRUE,1792,right,A,1638
17,19,1415381980708,1,None,no,TRUE,1585,right,A,758
17,20,1415381984788,19,Stage Partition,no,TRUE,1652,right,A,1023
17,21,1415381990588,0,None,yes,TRUE,2380,right,C,2015
17,22,1415381995883,0,None,yes,TRUE,1572,right,C,2318
18,9,1415628325328,0,None,yes,TRUE,1799,right,C,2534
18,10,1415628330801,10,Background,no,TRUE,1926,right,A,2126
18,11,1415628335560,0,None,yes,TRUE,1690,right,C,1663
18,12,1415628339731,0,None,yes,TRUE,1171,left,C,1593
18,13,1415628344148,13,Background,no,TRUE,1487,left,A,1518
18,14,1415628348317,0,None,yes,TRUE,1250,right,C,1510
18,15,1415628353349,4,Distance,no,TRUE,2003,right,A,1622
18,16,1415628357477,7,Distance,no,TRUE,1338,left,A,1383
18,17,1415628361966,22,Stage Partition,yes,TRUE,1450,right,A,1630
18,18,1415628366430,0,None,yes,TRUE,1650,top,C,1406
18,19,1415628370526,19,Stage Partition,yes,TRUE,1300,left,A,1391
18,20,1415628374759,0,None,yes,TRUE,1458,left,C,1366
18,21,1415628378368,0,None,yes,TRUE,1186,top,C,1013
18,22,1415628382328,1,None,no,TRUE,1404,left,A,1151
19,9,1415640011525,0,None,yes,TRUE,2318,right,C,3983
19,10,1415640018870,13,Background,no,TRUE,2197,left,A,3732
19,11,1415640024974,0,None,yes,TRUE,1984,left,C,2707
19,12,1415640029374,0,None,yes,TRUE,1458,top,C,1528
19,13,1415640035132,0,None,yes,TRUE,1708,top,C,2642
19,14,1415640041823,10,Background,yes,TRUE,2682,left,A,2596
19,15,1415640046028,7,Distance,no,TRUE,1555,left,A,1242
19,16,1415640051257,0,None,yes,TRUE,2218,left,C,1598
19,17,1415640059769,0,None,yes,TRUE,3066,right,C,4032
19,18,1415640067350,1,None,no,TRUE,4189,left,A,1980
19,19,1415640075461,22,Stage Partition,yes,TRUE,5067,right,A,1633
19,20,1415640080510,0,None,yes,TRUE,1647,right,C,1988
19,21,1415640086084,19,Stage Partition,no,TRUE,2640,right,A,1525
19,22,1415640092372,4,Distance,no,TRUE,3229,right,A,1647
20,9,1415648688697,0,None,yes,TRUE,1906,right,C,2366
20,10,1415648694324,19,Stage Partition,no,TRUE,2157,right,A,2058
20,11,1415648699189,0,None,yes,TRUE,1725,top,C,1733
20,12,1415648704103,7,Distance,yes,TRUE,1795,right,A,1710
20,13,1415648709549,0,None,yes,TRUE,2088,left,C,1948
20,14,1415648715854,13,Background,yes,TRUE,2677,right,A,2203
20,15,1415648721047,10,Background,yes,TRUE,1706,left,A,2072
20,16,1415648725441,0,None,yes,TRUE,1554,top,C,1431
20,17,1415648730331,0,None,yes,TRUE,1486,left,C,1996
20,18,1415648734818,0,None,yes,TRUE,1563,right,C,1516
20,19,1415648738936,0,None,yes,TRUE,1355,right,C,1354
20,20,1415648743916,22,Stage Partition,yes,TRUE,1858,right,A,1715
20,21,1415648748467,1,None,no,TRUE,1658,left,A,1484
20,22,1415648752769,4,Distance,yes,TRUE,1471,left,A,1425
21,9,1415387316928,0,None,yes,TRUE,2788,right,C,1827
21,10,1415387325365,7,Distance,no,TRUE,1625,left,A,5379
21,11,1415387330479,0,None,yes,TRUE,1762,top,C,1903
21,12,1415387337838,0,None,yes,TRUE,1948,left,C,3958
21,13,1415387345030,19,Stage Partition,yes,TRUE,2142,left,A,3617
21,14,1415387352731,0,None,yes,TRUE,4651,right,C,1614
21,15,1415387357306,0,None,yes,TRUE,1406,left,C,1722
21,16,1415387364101,1,None,no,TRUE,1459,left,A,3901
21,17,1415387368036,0,None,yes,TRUE,1320,top,C,1194
21,18,1415387372213,22,Stage Partition,no,TRUE,1599,left,A,1143
21,19,1415387375879,0,None,yes,TRUE,1132,right,C,1099
21,20,1415387379571,4,Distance,yes,TRUE,954,left,A,1329
21,21,1415387383332,10,Background,yes,TRUE,1387,left,A,930
21,22,1415387386720,13,Background,no,TRUE,1198,left,A,740
22,9,1415646365500,0,None,yes,TRUE,2380,right,C,2245
22,10,1415646371031,19,Stage Partition,no,TRUE,2111,right,A,2011
22,11,1415646377615,10,Background,yes,TRUE,2422,left,A,2733
22,12,1415646381957,13,Background,no,TRUE,1724,left,A,1205
22,13,1415646387293,0,None,yes,TRUE,1923,left,C,2006
22,14,1415646391733,7,Distance,no,TRUE,1598,left,A,1437
22,15,1415646396110,22,Stage Partition,no,TRUE,1570,left,A,1398
22,16,1415646400796,0,None,yes,TRUE,1968,left,C,1310
22,17,1415646405357,0,None,yes,TRUE,1825,top,C,1326
22,18,1415646409356,0,None,yes,TRUE,1368,top,C,1223
22,19,1415646413276,0,None,yes,TRUE,1289,right,C,1222
22,20,1415646417387,4,Distance,no,TRUE,1436,right,A,1271
22,21,1415646421827,1,None,no,TRUE,1426,left,A,1606
22,22,1415646425435,0,None,yes,TRUE,962,right,C,1238
23,9,1415628289459,0,None,yes,TRUE,2179,right,C,1900
23,10,1415628295512,10,Background,no,TRUE,2395,right,A,2237
23,11,1415628300044,4,Distance,no,TRUE,1869,right,A,1258
23,12,1415628304634,13,Background,no,TRUE,1528,left,A,1654
23,13,1415628309062,0,None,yes,TRUE,1512,top,C,1510
23,14,1415628313647,0,None,yes,TRUE,1670,left,C,1508
23,15,1415628317737,0,None,yes,TRUE,1164,left,C,1520
23,16,1415628322015,19,Stage Partition,yes,TRUE,1650,left,A,1221
23,17,1415628325869,0,None,yes,TRUE,1244,top,C,1204
23,18,1415628331965,0,None,yes,TRUE,1660,right,C,3030
23,19,1415628335903,0,None,yes,TRUE,1172,right,C,1360
23,20,1415628340167,1,None,no,TRUE,1689,right,A,1169
23,21,1415628343759,7,Distance,no,TRUE,1127,left,A,1061
23,22,1415628347681,22,Stage Partition,no,TRUE,1401,left,A,1116
24,9,1415640469764,0,None,yes,TRUE,1802,right,C,1433
24,10,1415640477720,13,Background,no,TRUE,2991,left,A,3544
24,11,1415640483159,7,Distance,yes,TRUE,1797,right,A,2228
24,12,1415640488152,1,None,no,TRUE,1705,right,A,1878
24,13,1415640493294,4,Distance,no,TRUE,1715,right,A,2014
24,14,1415640497775,0,None,yes,TRUE,1455,left,C,1611
24,15,1415640502000,0,None,yes,TRUE,1262,right,C,1548
24,16,1415640507078,22,Stage Partition,no,TRUE,2044,left,A,1621
24,17,1415640511220,0,None,yes,TRUE,1365,top,C,1367
24,18,1415640515761,10,Background,no,TRUE,1704,right,A,1419
24,19,1415640520863,0,None,yes,TRUE,2135,left,C,1557
24,20,1415640525474,19,Stage Partition,no,TRUE,1642,right,A,1561
24,21,1415640529634,0,None,yes,TRUE,1266,right,C,1483
24,22,1415640533651,0,None,yes,TRUE,1167,top,C,1440
25,12,1415385389475,0,None,yes,TRUE,2059,right,C,1613
25,13,1415385395281,7,Distance,no,TRUE,1777,left,A,2594
25,14,1415385399420,0,None,yes,TRUE,1474,left,C,1237
25,15,1415385406140,22,Stage Partition,yes,TRUE,1734,right,A,3556
25,16,1415385410008,0,None,yes,TRUE,1263,right,C,1152
25,17,1415385413766,0,None,yes,TRUE,1268,right,C,1085
25,18,1415385417564,19,Stage Partition,yes,TRUE,1422,left,A,950
25,19,1415385421818,0,None,yes,TRUE,1506,top,C,1296
25,20,1415385425523,0,None,yes,TRUE,1047,top,C,1239
25,21,1415385430824,13,Background,no,TRUE,1882,left,A,1991
25,22,1415385434576,4,Distance,yes,TRUE,1339,left,A,1005
25,23,1415385438435,1,None,no,TRUE,1448,left,A,1004
25,24,1415385442892,0,None,yes,TRUE,1804,left,C,1239
25,25,1415385446682,10,Background,yes,TRUE,1571,left,A,804
26,10,1415391488485,0,None,yes,TRUE,2373,right,C,1662
26,11,1415391493546,7,Distance,no,TRUE,1995,left,A,1644
26,12,1415391497552,4,Distance,no,TRUE,1501,right,A,1095
26,13,1415391501576,10,Background,no,TRUE,1506,right,A,1013
26,14,1415391505366,22,Stage Partition,yes,TRUE,1355,right,A,1020
26,15,1415391511166,13,Background,yes,TRUE,1464,right,A,2909
26,16,1415391516382,0,None,yes,TRUE,1548,right,C,2252
26,17,1415391520850,0,None,yes,TRUE,1787,left,C,1264
26,18,1415391524849,0,None,yes,TRUE,1414,top,C,1165
26,19,1415391529167,19,Stage Partition,yes,TRUE,1524,left,A,1382
26,20,1415391533360,0,None,yes,TRUE,1564,left,C,1215
26,21,1415391537792,0,None,yes,TRUE,1893,right,C,1125
26,22,1415391541699,0,None,yes,TRUE,1323,top,C,1170
26,23,1415391546094,1,None,no,TRUE,2347,right,A,638
27,9,1415645664441,0,None,yes,TRUE,2666,right,C,1824
27,10,1415645670961,19,Stage Partition,yes,TRUE,2110,left,A,2994
27,11,1415645676057,4,Distance,no,TRUE,1981,right,A,1689
27,12,1415645680853,10,Background,no,TRUE,1690,right,A,1674
27,13,1415645686321,7,Distance,no,TRUE,1966,left,A,2063
27,14,1415645691497,0,None,yes,TRUE,1957,right,C,1789
27,15,1415645696633,0,None,yes,TRUE,1810,right,C,1906
27,16,1415645702596,13,Background,no,TRUE,2261,left,A,2268
27,17,1415645708732,1,None,no,TRUE,1692,right,A,3024
27,18,1415645713641,0,None,yes,TRUE,1749,left,C,1733
27,19,1415645718520,0,None,yes,TRUE,1558,top,C,1893
27,20,1415645724129,0,None,yes,TRUE,1395,left,C,2791
27,21,1415645729537,22,Stage Partition,yes,TRUE,2111,right,A,1863
27,22,1415645734475,0,None,yes,TRUE,1590,top,C,1927
28,9,1415628276033,0,None,yes,TRUE,2739,right,C,1541
28,10,1415628280840,10,Background,no,TRUE,1935,right,A,1455
28,11,1415628285033,0,None,yes,TRUE,1516,left,C,1271
28,12,1415628289352,0,None,yes,TRUE,1303,top,C,1606
28,13,1415628293656,0,None,yes,TRUE,1261,left,C,1639
28,14,1415628298632,22,Stage Partition,no,TRUE,1692,left,A,1878
28,15,1415628302368,0,None,yes,TRUE,1149,top,C,1182
28,16,1415628306336,7,Distance,no,TRUE,1348,left,A,1215
28,17,1415628310272,1,None,no,TRUE,1388,right,A,1142
28,18,1415628314711,4,Distance,no,TRUE,1325,right,A,1711
28,19,1415628318647,0,None,yes,TRUE,1308,right,C,1222
28,20,1415628322920,19,Stage Partition,no,TRUE,1652,right,A,1214
28,21,1415628326888,13,Background,no,TRUE,1377,left,A,1183
28,22,1415628331241,0,None,yes,TRUE,1242,right,C,1705
29,10,1415655616696,0,None,yes,TRUE,2330,right,C,1680
29,11,1415655631035,22,Stage Partition,yes,TRUE,2064,right,A,10868
29,12,1415655635343,0,None,yes,TRUE,1357,left,C,1545
29,13,1415655639339,0,None,yes,TRUE,1408,right,C,1182
29,14,1415655645590,0,None,yes,TRUE,1194,top,C,3651
29,15,1415655655618,10,Background,yes,TRUE,2486,left,A,6126
29,16,1415655659744,0,None,yes,TRUE,1353,left,C,1369
29,17,1415655664574,19,Stage Partition,no,TRUE,1660,right,A,1765
29,18,1415655668358,0,None,yes,TRUE,1392,right,C,987
29,19,1415655675068,13,Background,yes,TRUE,1696,right,A,3607
29,20,1415655680104,0,None,yes,TRUE,2155,top,C,1474
29,21,1415655685594,1,None,no,TRUE,1683,right,A,2403
29,22,1415655689857,4,Distance,no,TRUE,1480,right,A,1378
29,23,1415655694393,7,Distance,yes,TRUE,1499,right,A,1633
30,9,1415380582004,0,None,yes,TRUE,2158,right,C,1880
30,10,1415380588010,4,Distance,yes,TRUE,1843,left,A,2752
30,11,1415380592328,0,None,yes,TRUE,1472,top,C,1439
30,12,1415380596928,0,None,yes,TRUE,1570,top,C,1621
30,13,1415380601496,0,None,yes,TRUE,1588,right,C,1572
30,14,1415380606035,0,None,yes,TRUE,1546,left,C,1564
30,15,1415380611015,19,Stage Partition,no,TRUE,1927,right,A,1626
30,16,1415380615968,22,Stage Partition,yes,TRUE,2102,right,A,1428
30,17,1415380621487,1,None,no,TRUE,2716,right,A,1387
30,18,1415380626240,7,Distance,yes,TRUE,1953,right,A,1379
30,19,1415380630735,0,None,yes,TRUE,1422,right,C,1645
30,20,1415380635406,13,Background,no,TRUE,1793,left,A,1448
30,21,1415380640046,10,Background,no,TRUE,1834,right,A,1388
30,22,1415380644358,0,None,yes,TRUE,1497,left,C,1392
31,9,1415368541040,0,None,yes,TRUE,21639,right,C,1929
31,10,1415368546746,4,Distance,no,TRUE,1903,right,A,2394
31,11,1415368552373,0,None,yes,TRUE,1607,right,C,2480
31,12,1415368556685,1,None,no,TRUE,1657,right,A,1203
31,13,1415368561244,0,None,yes,TRUE,1794,top,C,1334
31,14,1415368568106,10,Background,no,TRUE,3390,right,A,1868
31,15,1415368572446,13,Background,no,TRUE,1598,left,A,1284
31,16,1415368576357,0,None,yes,TRUE,1249,right,C,1205
31,17,1415368580481,0,None,yes,TRUE,1453,left,C,1196
31,18,1415368584304,0,None,yes,TRUE,1088,left,C,1324
31,19,1415368588194,0,None,yes,TRUE,1048,top,C,1372
31,20,1415368592497,19,Stage Partition,yes,TRUE,1584,left,A,1294
31,21,1415368596064,22,Stage Partition,no,TRUE,1026,left,A,1088
31,22,1415368600481,7,Distance,no,TRUE,1191,left,A,1807
32,9,1415640134617,0,None,yes,TRUE,2956,right,C,2228
32,10,1415640140992,13,Background,no,TRUE,2753,left,A,2157
32,11,1415640145680,10,Background,no,TRUE,1837,right,A,1375
32,12,1415640151030,0,None,yes,TRUE,1777,left,C,2125
32,13,1415640156984,0,None,yes,TRUE,1463,top,C,3031
32,14,1415640165135,4,Distance,no,TRUE,2423,right,A,4297
32,15,1415640172647,7,Distance,yes,TRUE,3298,right,A,2781
32,16,1415640177695,0,None,yes,TRUE,2403,top,C,1203
32,17,1415640181832,0,None,yes,TRUE,1422,left,C,1266
32,18,1415640187040,1,None,no,TRUE,2093,right,A,1668
32,19,1415640195175,19,Stage Partition,no,TRUE,3749,right,A,2938
32,20,1415640199444,0,None,yes,TRUE,1481,right,C,1356
32,21,1415640203608,0,None,yes,TRUE,1462,right,C,1281
32,22,1415640210575,22,Stage Partition,yes,TRUE,2295,right,A,3234
33,11,1415641609320,0,None,yes,TRUE,5810,right,C,4538
33,12,1415641617777,13,Background,no,TRUE,3775,left,A,3198
33,13,1415641626966,10,Background,no,TRUE,2650,right,A,5056
33,14,1415641633141,4,Distance,yes,TRUE,2331,left,A,2427
33,15,1415641637966,0,None,yes,TRUE,1603,top,C,1777
33,16,1415641645385,19,Stage Partition,yes,TRUE,3451,left,A,2534
33,17,1415641651724,1,None,no,TRUE,2263,left,A,2667
33,18,1415641657955,0,None,yes,TRUE,2825,right,C,1967
33,19,1415641662522,0,None,yes,TRUE,1567,left,C,1584
33,20,1415641667558,0,None,yes,TRUE,2114,left,C,1506
33,21,1415641672425,0,None,yes,TRUE,1968,top,C,1487
33,22,1415641676938,22,Stage Partition,yes,TRUE,1647,right,A,1402
33,23,1415641681540,7,Distance,no,TRUE,1894,left,A,1293
33,24,1415641686576,0,None,yes,TRUE,2135,right,C,1467
34,9,1415664688210,0,None,yes,TRUE,2721,right,C,1905
34,10,1415664694769,22,Stage Partition,no,TRUE,2336,left,A,2779
34,11,1415664699441,0,None,yes,TRUE,1469,top,C,1757
34,12,1415664705443,13,Background,yes,TRUE,2721,right,A,1758
34,13,1415664710945,7,Distance,no,TRUE,1735,left,A,2296
34,14,1415664717195,4,Distance,yes,TRUE,1850,left,A,2969
34,15,1415664723682,0,None,yes,TRUE,1791,top,C,3247
34,16,1415664729201,0,None,yes,TRUE,2692,left,C,1402
34,17,1415664733546,0,None,yes,TRUE,1446,left,C,1467
34,18,1415664738170,1,None,no,TRUE,1724,left,A,1471
34,19,1415664745106,10,Background,no,TRUE,1717,right,A,3747
34,20,1415664750330,0,None,yes,TRUE,1811,right,C,1945
34,21,1415664755226,19,Stage Partition,no,TRUE,1719,right,A,1731
34,22,1415664759610,0,None,yes,TRUE,1333,right,C,1618
35,9,1415628387345,0,None,yes,TRUE,2056,right,C,1667
35,10,1415628397840,10,Background,no,TRUE,3000,right,A,6078
35,11,1415628404540,1,None,no,TRUE,2227,right,A,3066
35,12,1415628409164,0,None,yes,TRUE,1567,right,C,1649
35,13,1415628414164,4,Distance,yes,TRUE,1809,left,A,1787
35,14,1415628419164,7,Distance,yes,TRUE,1656,right,A,1938
35,15,1415628423829,0,None,yes,TRUE,1545,left,C,1714
35,16,1415628429284,19,Stage Partition,no,TRUE,2424,right,A,1625
35,17,1415628435556,22,Stage Partition,yes,TRUE,3583,right,A,1283
35,18,1415628440428,0,None,yes,TRUE,1823,right,C,1642
35,19,1415628445597,13,Background,yes,TRUE,1997,right,A,1763
35,20,1415628450813,0,None,yes,TRUE,1512,top,C,2298
35,21,1415628455445,0,None,yes,TRUE,1473,left,C,1754
35,22,1415628460041,0,None,yes,TRUE,1639,top,C,1549
36,9,1415371115131,0,None,yes,TRUE,5563,right,C,1842
36,10,1415371121299,4,Distance,no,TRUE,2167,right,A,2590
36,11,1415371126524,1,None,no,TRUE,1715,right,A,2103
36,12,1415371132901,13,Background,no,TRUE,1769,left,A,3174
36,13,1415371138645,7,Distance,no,TRUE,1315,left,A,3023
36,14,1415371144278,0,None,yes,TRUE,1747,top,C,2478
36,15,1415371149167,0,None,yes,TRUE,1839,left,C,1618
36,16,1415371154072,10,Background,yes,TRUE,1647,left,A,1847
36,17,1415371159305,0,None,yes,TRUE,1586,left,C,2240
36,18,1415371163631,0,None,yes,TRUE,1203,top,C,1717
36,19,1415371167954,0,None,yes,TRUE,1502,right,C,1415
36,20,1415371172386,19,Stage Partition,no,TRUE,1556,right,A,1471
36,21,1415371177266,22,Stage Partition,yes,TRUE,1386,right,A,2087
36,22,1415371181715,0,None,yes,TRUE,1387,right,C,1654
37,9,1415643521742,0,None,yes,TRUE,3347,right,C,1810
37,10,1415643529408,13,Background,no,TRUE,2358,left,A,3882
37,11,1415643535560,19,Stage Partition,yes,TRUE,1766,left,A,2971
37,12,1415643541061,0,None,yes,TRUE,1681,left,C,2405
37,13,1415643545493,0,None,yes,TRUE,1615,right,C,1405
37,14,1415643551476,10,Background,no,TRUE,1995,right,A,2572
37,15,1415643556206,0,None,yes,TRUE,1965,left,C,1347
37,16,1415643561145,1,None,no,TRUE,1636,right,A,1889
37,17,1415643566307,4,Distance,yes,TRUE,1737,left,A,2002
37,18,1415643571136,0,None,yes,TRUE,1715,top,C,1704
37,19,1415643575138,7,Distance,no,TRUE,1430,left,A,1156
37,20,1415643580925,0,None,yes,TRUE,1571,top,C,2804
37,21,1415643585536,22,Stage Partition,yes,TRUE,1707,right,A,1493
37,22,1415643590806,0,None,yes,TRUE,1544,right,C,2313
38,11,1415640523866,0,None,yes,TRUE,1926,right,C,2601
38,12,1415640530437,13,Background,yes,TRUE,2378,right,A,2750
38,13,1415640535860,0,None,yes,TRUE,1984,top,C,2000
38,14,1415640540986,0,None,yes,TRUE,1722,top,C,1970
38,15,1415640545361,0,None,yes,TRUE,1316,right,C,1640
38,16,1415640550309,0,None,yes,TRUE,1278,right,C,2235
38,17,1415640555262,19,Stage Partition,no,TRUE,1877,right,A,1648
38,18,1415640559384,1,None,no,TRUE,1577,right,A,1100
38,19,1415640562897,4,Distance,no,TRUE,1138,right,A,943
38,20,1415640568007,0,None,yes,TRUE,1633,left,C,2032
38,21,1415640572176,7,Distance,yes,TRUE,1922,right,A,797
38,22,1415640575779,22,Stage Partition,yes,TRUE,1531,right,A,641
38,23,1415640582516,0,None,yes,TRUE,1470,left,C,3846
38,24,1415640586956,10,Background,yes,TRUE,1908,left,A,1095
39,11,1415640600005,0,None,yes,TRUE,1640,right,C,1574
39,12,1415640609780,13,Background,no,TRUE,2265,left,A,6094
39,13,1415640615892,0,None,yes,TRUE,1507,right,C,3198
39,14,1415640624876,4,Distance,no,TRUE,1780,right,A,5798
39,15,1415640629236,0,None,yes,TRUE,1468,right,C,1486
39,16,1415640634748,7,Distance,yes,TRUE,1685,right,A,2422
39,17,1415640639556,0,None,yes,TRUE,1787,left,C,1614
39,18,1415640644980,10,Background,no,TRUE,2151,right,A,1862
39,19,1415640651324,0,None,yes,TRUE,1298,top,C,3638
39,20,1415640655972,0,None,yes,TRUE,1597,left,C,1646
39,21,1415640660524,22,Stage Partition,yes,TRUE,1669,right,A,1478
39,22,1415640664596,1,None,no,TRUE,1333,right,A,1334
39,23,1415640668340,19,Stage Partition,no,TRUE,1213,right,A,1126
39,24,1415640672404,0,None,yes,TRUE,1404,top,C,1254
40,11,1415377980669,0,None,yes,TRUE,3143,right,C,1910
40,12,1415377987020,4,Distance,no,TRUE,2108,right,A,2814
40,13,1415377991987,0,None,yes,TRUE,1771,left,C,1791
40,14,1415377998379,13,Background,no,TRUE,2728,left,A,2207
40,15,1415378003388,0,None,yes,TRUE,1828,left,C,1775
40,16,1415378009131,19,Stage Partition,no,TRUE,2396,right,A,1944
40,17,1415378013587,7,Distance,no,TRUE,1605,left,A,1447
40,18,1415378018211,10,Background,no,TRUE,1651,right,A,1567
40,19,1415378022925,0,None,yes,TRUE,1805,right,C,1504
40,20,1415378028408,0,None,yes,TRUE,1532,top,C,2539
40,21,1415378032915,1,None,no,TRUE,1724,right,A,1375
40,22,1415378037234,22,Stage Partition,yes,TRUE,1602,right,A,1312
40,23,1415378042226,0,None,yes,TRUE,1805,right,C,1783
40,24,1415378047154,0,None,yes,TRUE,1683,top,C,1828
41,11,1415644679283,0,None,yes,TRUE,2492,right,C,1868
41,12,1415644684608,19,Stage Partition,yes,TRUE,2192,left,A,1716
41,13,1415644689465,0,None,yes,TRUE,1791,left,C,1639
41,14,1415644694405,4,Distance,yes,TRUE,1895,left,A,1607
41,15,1415644699308,7,Distance,no,TRUE,1777,left,A,1713
41,16,1415644705173,13,Background,no,TRUE,2555,left,A,1878
41,17,1415644711024,1,None,no,TRUE,2396,left,A,2033
41,18,1415644716668,0,None,yes,TRUE,1939,top,C,2287
41,19,1415644722106,0,None,yes,TRUE,2239,right,C,1789
41,20,1415644727138,0,None,yes,TRUE,1790,top,C,1830
41,21,1415644734146,10,Background,yes,TRUE,2367,left,A,3221
41,22,1415644739274,0,None,yes,TRUE,1650,right,C,2069
41,23,1415644744066,0,None,yes,TRUE,1622,left,C,1759
41,24,1415644749491,22,Stage Partition,no,TRUE,1881,left,A,2135
42,9,1415655342243,0,None,yes,TRUE,2385,right,C,2348
42,10,1415655348234,22,Stage Partition,yes,TRUE,2131,right,A,2440
42,11,1415655353134,4,Distance,no,TRUE,2040,right,A,1430
42,12,1415655357834,13,Background,yes,TRUE,1709,right,A,1540
42,13,1415655362981,0,None,yes,TRUE,2070,left,C,1660
42,14,1415655368804,7,Distance,yes,TRUE,1777,right,A,2610
42,15,1415655375054,19,Stage Partition,no,TRUE,1867,right,A,2950
42,16,1415655380845,1,None,no,TRUE,1357,right,A,3001
42,17,1415655385721,10,Background,no,TRUE,1397,right,A,2053
42,18,1415655390018,0,None,yes,TRUE,1636,right,C,1240
42,19,1415655393540,0,None,yes,TRUE,1060,right,C,1020
42,20,1415655397904,0,None,yes,TRUE,1737,left,C,1200
42,21,1415655401414,0,None,yes,TRUE,1218,top,C,870
42,22,1415655405224,0,None,yes,TRUE,1047,top,C,1330
43,10,1415386875425,0,None,yes,TRUE,2234,right,C,1679
43,11,1415386883665,7,Distance,yes,TRUE,2023,right,A,4812
43,12,1415386888255,0,None,yes,TRUE,1316,left,C,1869
43,13,1415386892842,10,Background,no,TRUE,1654,right,A,1519
43,14,1415386897710,1,None,no,TRUE,1737,right,A,1728
43,15,1415386903242,0,None,yes,TRUE,2793,right,C,1335
43,16,1415386907704,13,Background,no,TRUE,1816,left,A,1239
43,17,1415386911951,0,None,yes,TRUE,1492,right,C,1349
43,18,1415386916935,19,Stage Partition,no,TRUE,1477,right,A,2103
43,19,1415386921331,22,Stage Partition,no,TRUE,1481,left,A,1511
43,20,1415386925277,4,Distance,no,TRUE,1551,right,A,991
43,21,1415386929863,0,None,yes,TRUE,1668,left,C,1512
43,22,1415386933712,0,None,yes,TRUE,1165,top,C,1279
43,23,1415386937612,0,None,yes,TRUE,1287,top,C,1209
44,9,1415628427793,0,None,yes,TRUE,3190,right,C,2463
44,10,1415628434123,10,Background,no,TRUE,2520,right,A,2370
44,11,1415628438530,0,None,yes,TRUE,1210,left,C,1777
44,12,1415628443635,13,Background,no,TRUE,2335,left,A,1338
44,13,1415628448335,0,None,yes,TRUE,1677,left,C,1605
44,14,1415628452360,0,None,yes,TRUE,1338,top,C,1257
44,15,1415628456585,0,None,yes,TRUE,1325,top,C,1472
44,16,1415628460845,0,None,yes,TRUE,1387,right,C,1445
44,17,1415628465703,7,Distance,no,TRUE,2088,left,A,1330
44,18,1415628470405,19,Stage Partition,yes,TRUE,1737,left,A,1540
44,19,1415628474718,1,None,no,TRUE,1455,right,A,1440
44,20,1415628479393,22,Stage Partition,yes,TRUE,1690,right,A,1563
44,21,1415628484375,0,None,yes,TRUE,2165,right,C,1382
44,22,1415628488798,4,Distance,yes,TRUE,1638,left,A,1353
45,9,1415651194823,0,None,yes,TRUE,3617,right,C,2508
45,10,1415651207883,19,Stage Partition,yes,TRUE,2530,left,A,9120
45,11,1415651213089,1,None,no,TRUE,2150,right,A,1646
45,12,1415651218108,0,None,yes,TRUE,1948,left,C,1660
45,13,1415651223337,0,None,yes,TRUE,1682,right,C,2141
45,14,1415651231569,0,None,yes,TRUE,3069,left,C,3757
45,15,1415651236196,4,Distance,no,TRUE,1783,right,A,1435
45,16,1415651240942,10,Background,no,TRUE,1914,right,A,1405
45,17,1415651246319,0,None,yes,TRUE,1700,top,C,2268
45,18,1415651251050,13,Background,no,TRUE,1505,left,A,1810
45,19,1415651256023,7,Distance,yes,TRUE,1854,right,A,1712
45,20,1415651263006,0,None,yes,TRUE,1435,top,C,3935
45,21,1415651268247,0,None,yes,TRUE,1175,right,C,2656
45,22,1415651277294,22,Stage Partition,yes,TRUE,3360,right,A,4279
46,9,1415648498040,0,None,yes,TRUE,2930,right,C,2211
46,10,1415648504544,19,Stage Partition,yes,TRUE,2413,left,A,2663
46,11,1415648512303,22,Stage Partition,yes,TRUE,4237,right,A,2106
46,12,1415648517781,4,Distance,yes,TRUE,1774,left,A,2288
46,13,1415648524622,10,Background,no,TRUE,2170,right,A,3222
46,14,1415648530885,0,None,yes,TRUE,1772,top,C,3069
46,15,1415648535767,0,None,yes,TRUE,1514,left,C,1950
46,16,1415648541479,1,None,no,TRUE,2064,left,A,2234
46,17,1415648545934,13,Background,no,TRUE,1662,left,A,1364
46,18,1415648551316,0,None,yes,TRUE,2065,right,C,1900
46,19,1415648555925,0,None,yes,TRUE,1628,top,C,1561
46,20,1415648561323,7,Distance,no,TRUE,1536,left,A,2451
46,21,1415648566086,0,None,yes,TRUE,1615,right,C,1725
46,22,1415648570583,0,None,yes,TRUE,1458,left,C,1616
47,10,1415392209030,0,None,yes,TRUE,1603,right,C,1671
47,11,1415392215437,7,Distance,no,TRUE,1893,left,A,3110
47,12,1415392220654,0,None,yes,TRUE,2086,top,C,1727
47,13,1415392225070,0,None,yes,TRUE,1397,right,C,1614
47,14,1415392237190,1,None,no,TRUE,1765,left,A,8952
47,15,1415392242717,13,Background,no,TRUE,2471,left,A,1646
47,16,1415392247453,0,None,yes,TRUE,1877,left,C,1455
47,17,1415392254070,22,Stage Partition,yes,TRUE,3078,right,A,2135
47,18,1415392258677,4,Distance,no,TRUE,1981,right,A,1222
47,19,1415392266053,10,Background,no,TRUE,1771,right,A,4199
47,20,1415392272195,19,Stage Partition,no,TRUE,1694,right,A,3047
47,21,1415392276978,0,None,yes,TRUE,1972,right,C,1407
47,22,1415392281546,0,None,yes,TRUE,1798,top,C,1367
47,23,1415392287314,0,None,yes,TRUE,1485,left,C,2878
48,9,1415657183671,0,None,yes,TRUE,2635,right,C,1814
48,10,1415657194935,22,Stage Partition,no,TRUE,2248,left,A,7607
48,11,1415657203454,13,Background,no,TRUE,2309,left,A,4790
48,12,1415657208830,0,None,yes,TRUE,1906,top,C,2062
48,13,1415657222895,4,Distance,yes,TRUE,2029,left,A,10630
48,14,1415657228878,0,None,yes,TRUE,1835,right,C,2742
48,15,1415657233303,0,None,yes,TRUE,1411,top,C,1606
48,16,1415657241351,7,Distance,no,TRUE,1643,left,A,4998
48,17,1415657245950,0,None,yes,TRUE,1785,left,C,1405
48,18,1415657250318,1,None,no,TRUE,1468,left,A,1494
48,19,1415657256439,10,Background,no,TRUE,1582,right,A,3127
48,20,1415657260679,0,None,yes,TRUE,1146,left,C,1686
48,21,1415657267486,19,Stage Partition,no,TRUE,2363,right,A,3038
48,22,1415657271366,0,None,yes,TRUE,1258,right,C,1213
49,9,1415386026913,0,None,yes,TRUE,2072,right,C,1643
49,10,1415386032189,7,Distance,no,TRUE,2246,left,A,1626
49,11,1415386037087,0,None,yes,TRUE,1683,top,C,1811
49,12,1415386045171,19,Stage Partition,yes,TRUE,2347,left,A,4334
49,13,1415386050007,4,Distance,yes,TRUE,1930,left,A,1502
49,14,1415386058310,10,Background,no,TRUE,2436,right,A,4456
49,15,1415386064313,0,None,yes,TRUE,1749,right,C,2850
49,16,1415386070231,0,None,yes,TRUE,2185,left,C,2328
49,17,1415386074741,1,None,no,TRUE,1650,left,A,1457
49,18,1415386079227,0,None,yes,TRUE,1427,top,C,1657
49,19,1415386084650,13,Background,no,TRUE,1798,left,A,2220
49,20,1415386090601,22,Stage Partition,no,TRUE,1997,left,A,2549
49,21,1415386095636,0,None,yes,TRUE,2013,right,C,1619
49,22,1415386101569,0,None,yes,TRUE,1982,left,C,2546
50,9,1415648834822,0,None,yes,TRUE,1980,right,C,1586
50,10,1415648843362,19,Stage Partition,no,TRUE,1979,right,A,5154
50,11,1415648847941,0,None,yes,TRUE,1695,top,C,1475
50,12,1415648852983,13,Background,no,TRUE,1870,left,A,1757
50,13,1415648857888,0,None,yes,TRUE,1628,right,C,1868
50,14,1415648863480,10,Background,no,TRUE,1774,right,A,2409
50,15,1415648868004,0,None,yes,TRUE,1394,right,C,1723
50,16,1415648872549,7,Distance,no,TRUE,1575,left,A,1565
50,17,1415648876893,1,None,no,TRUE,1586,left,A,1350
50,18,1415648882924,0,None,yes,TRUE,1585,left,C,3039
50,19,1415648887211,0,None,yes,TRUE,1337,left,C,1542
50,20,1415648891542,4,Distance,no,TRUE,1484,right,A,1442
50,21,1415648896032,0,None,yes,TRUE,1563,top,C,1519
50,22,1415648900679,22,Stage Partition,no,TRUE,1777,left,A,1464
51,14,1415656760700,0,None,yes,TRUE,3082,right,C,2153
51,15,1415656767111,22,Stage Partition,no,TRUE,2652,left,A,2348
51,16,1415656772856,0,None,yes,TRUE,2315,left,C,2022
51,17,1415656778167,7,Distance,yes,TRUE,2065,right,A,1837
51,18,1415656783450,13,Background,yes,TRUE,2131,right,A,1727
51,19,1415656789137,0,None,yes,TRUE,1976,right,C,2306
51,20,1415656794567,1,None,no,TRUE,2127,right,A,1894
51,21,1415656800289,0,None,yes,TRUE,2038,top,C,2278
51,22,1415656806679,0,None,yes,TRUE,1782,top,C,3198
51,23,1415656813150,0,None,yes,TRUE,1819,right,C,3243
51,24,1415656818358,0,None,yes,TRUE,1772,left,C,2028
51,25,1415656823392,4,Distance,no,TRUE,2008,right,A,1617
51,26,1415656828277,19,Stage Partition,no,TRUE,1996,right,A,1482
51,27,1415656833153,10,Background,no,TRUE,1970,right,A,1491
52,9,1415385965309,0,None,yes,TRUE,2533,right,C,2105
52,10,1415385972997,7,Distance,no,TRUE,2140,left,A,4150
52,11,1415385978612,0,None,yes,TRUE,2309,right,C,1910
52,12,1415385983868,0,None,yes,TRUE,1972,top,C,1881
52,13,1415385990948,4,Distance,yes,TRUE,2196,left,A,3494
52,14,1415385997453,1,None,no,TRUE,2110,left,A,2999
52,15,1415386008253,19,Stage Partition,no,TRUE,2677,right,A,6704
52,16,1415386016124,0,None,yes,TRUE,1907,left,C,4563
52,17,1415386025587,13,Background,yes,TRUE,3145,right,A,4886
52,18,1415386032091,22,Stage Partition,yes,TRUE,1956,right,A,3155
52,19,1415386037339,0,None,yes,TRUE,2039,right,C,1809
52,20,1415386042227,0,None,yes,TRUE,1524,left,C,1959
52,21,1415386050099,10,Background,no,TRUE,1827,right,A,4647
52,22,1415386055467,0,None,yes,TRUE,2489,top,C,1485
53,10,1415651449357,0,None,yes,TRUE,8938,right,C,6651
53,11,1415651459148,19,Stage Partition,yes,TRUE,4451,left,A,3748
53,12,1415651465155,7,Distance,no,TRUE,2329,left,A,2119
53,13,1415651470013,0,None,yes,TRUE,1523,top,C,1757
53,14,1415651475245,0,None,yes,TRUE,1944,top,C,1807
53,15,1415651479507,0,None,yes,TRUE,1279,right,C,1567
53,16,1415651484389,22,Stage Partition,no,TRUE,1915,left,A,1553
53,17,1415651489276,0,None,yes,TRUE,1909,left,C,1529
53,18,1415651494219,13,Background,no,TRUE,1911,left,A,1518
53,19,1415651498674,0,None,yes,TRUE,1528,right,C,1501
53,20,1415651503059,0,None,yes,TRUE,1466,left,C,1500
53,21,1415651507680,1,None,no,TRUE,1976,left,A,1187
53,22,1415651512132,4,Distance,yes,TRUE,1587,left,A,1433
53,23,1415651517305,10,Background,no,TRUE,1799,right,A,1929
54,10,1415650454889,0,None,yes,TRUE,1838,right,C,2816
54,11,1415650462752,19,Stage Partition,no,TRUE,2132,right,A,4296
54,12,1415650467592,0,None,yes,TRUE,1611,right,C,1824
54,13,1415650471744,0,None,yes,TRUE,1578,top,C,1167
54,14,1415650476216,0,None,yes,TRUE,1395,left,C,1671
54,15,1415650480368,0,None,yes,TRUE,1174,left,C,1575
54,16,1415650484175,0,None,yes,TRUE,1022,top,C,1383
54,17,1415650492776,4,Distance,no,TRUE,1629,right,A,5567
54,18,1415650498576,1,None,no,TRUE,1733,right,A,2663
54,19,1415650502176,0,None,yes,TRUE,1245,right,C,952
54,20,1415650514791,7,Distance,no,TRUE,1030,left,A,10182
54,21,1415650525080,10,Background,no,TRUE,1863,right,A,6985
54,22,1415650529271,22,Stage Partition,no,TRUE,1788,left,A,998
54,23,1415650533111,13,Background,no,TRUE,1318,left,A,1111
55,9,1415656803282,0,None,yes,TRUE,2182,right,C,1664
55,10,1415656808675,22,Stage Partition,no,TRUE,1797,left,A,2180
55,11,1415656813468,0,None,yes,TRUE,1904,right,C,1477
55,12,1415656818664,19,Stage Partition,yes,TRUE,1840,left,A,1946
55,13,1415656823377,7,Distance,no,TRUE,1857,left,A,1430
55,14,1415656828171,0,None,yes,TRUE,1831,left,C,1537
55,15,1415656832051,0,None,yes,TRUE,1325,top,C,1143
55,16,1415656836264,1,None,no,TRUE,1710,left,A,1080
55,17,1415656840670,13,Background,no,TRUE,1585,left,A,1360
55,18,1415656844847,10,Background,yes,TRUE,1630,left,A,1120
55,19,1415656848593,4,Distance,yes,TRUE,1270,left,A,1063
55,20,1415656852410,0,None,yes,TRUE,1257,left,C,1140
55,21,1415656856276,0,None,yes,TRUE,1386,top,C,1050
55,22,1415656860006,0,None,yes,TRUE,1369,right,C,940
56,9,1415642557916,0,None,yes,TRUE,2899,right,C,1813
56,10,1415642566340,13,Background,no,TRUE,2691,left,A,4311
56,11,1415642571292,0,None,yes,TRUE,1629,right,C,1918
56,12,1415642575723,0,None,yes,TRUE,1523,top,C,1502
56,13,1415642582268,22,Stage Partition,no,TRUE,2140,left,A,2999
56,14,1415642588452,19,Stage Partition,yes,TRUE,2051,left,A,2728
56,15,1415642594875,7,Distance,no,TRUE,2291,left,A,2726
56,16,1415642599787,0,None,yes,TRUE,1744,left,C,1758
56,17,1415642605123,1,None,no,TRUE,1811,left,A,2118
56,18,1415642610259,10,Background,no,TRUE,1782,right,A,1942
56,19,1415642615019,0,None,yes,TRUE,1652,top,C,1702
56,20,1415642619187,0,None,yes,TRUE,1316,right,C,1446
56,21,1415642623979,4,Distance,yes,TRUE,1700,left,A,1688
56,22,1415642628539,0,None,yes,TRUE,1706,left,C,1445
57,9,1415632133938,0,None,yes,TRUE,2216,right,C,2127
57,10,1415632140747,10,Background,no,TRUE,2192,right,A,3191
57,11,1415632145347,0,None,yes,TRUE,1734,top,C,1428
57,12,1415632149800,4,Distance,yes,TRUE,1717,left,A,1319
57,13,1415632154139,22,Stage Partition,no,TRUE,1690,left,A,1231
57,14,1415632159001,0,None,yes,TRUE,1945,top,C,1504
57,15,1415632163083,13,Background,no,TRUE,1514,left,A,1145
57,16,1415632167912,0,None,yes,TRUE,2098,left,C,1317
57,17,1415632172401,0,None,yes,TRUE,1548,left,C,1535
57,18,1415632177024,7,Distance,no,TRUE,1963,left,A,1254
57,19,1415632181417,0,None,yes,TRUE,1210,right,C,1775
57,20,1415632185656,0,None,yes,TRUE,1452,right,C,1383
57,21,1415632190832,1,None,no,TRUE,980,right,A,2791
57,22,1415632195352,19,Stage Partition,yes,TRUE,938,left,A,2176
58,9,1415628498338,0,None,yes,TRUE,2273,right,C,1510
58,10,1415628505153,10,Background,no,TRUE,1912,right,A,3470
58,11,1415628509465,0,None,yes,TRUE,1655,top,C,1246
58,12,1415628513576,0,None,yes,TRUE,1448,right,C,1254
58,13,1415628518760,7,Distance,no,TRUE,1699,left,A,2079
58,14,1415628522920,0,None,yes,TRUE,1402,top,C,1350
58,15,1415628528224,19,Stage Partition,no,TRUE,1514,right,A,2382
58,16,1415628532632,13,Background,no,TRUE,1662,left,A,1335
58,17,1415628536897,0,None,yes,TRUE,1609,left,C,1246
58,18,1415628540296,0,None,yes,TRUE,1130,right,C,861
58,19,1415628544304,0,None,yes,TRUE,1411,left,C,1191
58,20,1415628548360,22,Stage Partition,no,TRUE,1346,left,A,1301
58,21,1415628551609,4,Distance,yes,TRUE,1036,left,A,805
58,22,1415628554697,1,None,no,TRUE,945,left,A,734
59,9,1415392693586,0,None,yes,TRUE,2819,right,C,1929
59,10,1415392699432,7,Distance,yes,TRUE,2248,right,A,2190
59,11,1415392704424,0,None,yes,TRUE,1824,top,C,1760
59,12,1415392708996,0,None,yes,TRUE,1178,right,C,1989
59,13,1415392713585,0,None,yes,TRUE,1345,top,C,1839
59,14,1415392719395,22,Stage Partition,yes,TRUE,1984,right,A,2421
59,15,1415392724051,10,Background,no,TRUE,1841,right,A,1399
59,16,1415392728625,0,None,yes,TRUE,1444,right,C,1725
59,17,1415392733648,1,None,no,TRUE,1978,right,A,1639
59,18,1415392738017,4,Distance,no,TRUE,1741,right,A,1223
59,19,1415392741899,13,Background,no,TRUE,1474,left,A,999
59,20,1415392746867,0,None,yes,TRUE,1582,left,C,1981
59,21,1415392751231,0,None,yes,TRUE,1462,left,C,1495
59,22,1415392756296,19,Stage Partition,no,TRUE,1991,right,A,1668
60,9,1415395254717,0,None,yes,TRUE,1888,right,C,1725
60,10,1415395261763,7,Distance,no,TRUE,1701,left,A,3939
60,11,1415395268503,0,None,yes,TRUE,2689,right,C,2646
60,12,1415395274041,0,None,yes,TRUE,1752,right,C,2380
60,13,1415395280860,10,Background,no,TRUE,2613,right,A,2796
60,14,1415395285586,0,None,yes,TRUE,1941,top,C,1381
60,15,1415395290429,19,Stage Partition,no,TRUE,1540,right,A,1896
60,16,1415395295269,22,Stage Partition,no,TRUE,1781,left,A,1653
60,17,1415395299953,13,Background,no,TRUE,1227,left,A,2051
60,18,1415395305969,1,None,no,TRUE,1745,left,A,2867
60,19,1415395311366,0,None,yes,TRUE,2650,left,C,1341
60,20,1415395317116,4,Distance,no,TRUE,1854,right,A,2490
60,21,1415395322072,0,None,yes,TRUE,1770,left,C,1782
60,22,1415395326466,0,None,yes,TRUE,1710,top,C,1279
